{"power": {"dims": ["k", "mu"], "edges": [{"__dtype__": "<f8", "__shape__": [5], "__data__": [0.0, 0.01, 0.02, 0.03, 0.04]}, {"__dtype__": "<f8", "__shape__": [52], "__data__": [-1.0, -0.9607843137254902, -0.9215686274509804, -0.8823529411764706, -0.8431372549019608, -0.803921568627451, -0.7647058823529411, -0.7254901960784313, -0.6862745098039216, -0.6470588235294118, -0.607843137254902, -0.5686274509803921, -0.5294117647058824, -0.4901960784313726, -0.4509803921568627, -0.4117647058823529, -0.37254901960784315, -0.33333333333333337, -0.2941176470588236, -0.2549019607843137, -0.21568627450980393, -0.17647058823529416, -0.13725490196078427, -0.0980392156862745, -0.05882352941176472, -0.019607843137254943, 0.019607843137254832, 0.05882352941176472, 0.0980392156862746, 0.13725490196078427, 0.17647058823529416, 0.21568627450980382, 0.2549019607843137, 0.2941176470588236, 0.33333333333333326, 0.37254901960784315, 0.4117647058823528, 0.4509803921568627, 0.4901960784313726, 0.5294117647058822, 0.5686274509803921, 0.607843137254902, 0.6470588235294117, 0.6862745098039216, 0.7254901960784315, 0.7647058823529411, 0.803921568627451, 0.8431372549019607, 0.8823529411764706, 0.9215686274509804, 0.9607843137254901, 1.0]}], "coords": [{"__dtype__": "<f8", "__shape__": [4], "__data__": [0.005, 0.015, 0.025, 0.035]}, {"__dtype__": "<f8", "__shape__": [51], "__data__": [-0.9803921568627452, -0.9411764705882353, -0.9019607843137255, -0.8627450980392157, -0.8235294117647058, -0.7843137254901961, -0.7450980392156863, -0.7058823529411764, -0.6666666666666667, -0.6274509803921569, -0.5882352941176471, -0.5490196078431373, -0.5098039215686274, -0.47058823529411764, -0.4313725490196078, -0.39215686274509803, -0.35294117647058826, -0.3137254901960785, -0.27450980392156865, -0.23529411764705882, -0.19607843137254904, -0.1568627450980392, -0.11764705882352938, -0.0784313725490196, -0.03921568627450983, -5.551115123125783e-17, 0.039215686274509776, 0.07843137254901966, 0.11764705882352944, 0.1568627450980392, 0.196078431372549, 0.23529411764705876, 0.27450980392156865, 0.3137254901960784, 0.3529411764705882, 0.392156862745098, 0.43137254901960775, 0.47058823529411764, 0.5098039215686274, 0.5490196078431372, 0.5882352941176471, 0.6274509803921569, 0.6666666666666666, 0.7058823529411765, 0.7450980392156863, 0.7843137254901961, 0.8235294117647058, 0.8627450980392156, 0.9019607843137255, 0.9411764705882353, 0.9803921568627451]}], "data": {"__dtype__": [["k", "<f8"], ["mu", "<f8"], ["power", "<c16"], ["modes", "<i8"]], "__shape__": [4, 51], "__data__": [[[NaN, NaN, {"__complex__": [NaN, NaN]}, 0], [NaN, NaN, {"__complex__": [NaN, NaN]}, 0], [NaN, NaN, {"__complex__": [NaN, NaN]}, 0], [NaN, NaN, {"__complex__": [NaN, NaN]}, 0], [NaN, NaN, {"__complex__": [NaN, NaN]}, 0], [NaN, NaN, {"__complex__": [NaN, NaN]}, 0], [NaN, NaN, {"__complex__": [NaN, NaN]}, 0], [NaN, NaN, {"__complex__": [NaN, NaN]}, 0], [NaN, NaN, {"__complex__": [NaN, NaN]}, 0], [NaN, NaN, {"__complex__": [NaN, NaN]}, 0], [NaN, NaN, {"__complex__": [NaN, NaN]}, 0], [NaN, NaN, {"__complex__": [NaN, NaN]}, 0], [NaN, NaN, {"__complex__": [NaN, NaN]}, 0], [NaN, NaN, {"__complex__": [NaN, NaN]}, 0], [NaN, NaN, {"__complex__": [NaN, NaN]}, 0], [NaN, NaN, {"__complex__": [NaN, NaN]}, 0], [NaN, NaN, {"__complex__": [NaN, NaN]}, 0], [NaN, NaN, {"__complex__": [NaN, NaN]}, 0], [NaN, NaN, {"__complex__": [NaN, NaN]}, 0], [NaN, NaN, {"__complex__": [NaN, NaN]}, 0], [NaN, NaN, {"__complex__": [NaN, NaN]}, 0], [NaN, NaN, {"__complex__": [NaN, NaN]}, 0], [NaN, NaN, {"__complex__": [NaN, NaN]}, 0], [NaN, NaN, {"__complex__": [NaN, NaN]}, 0], [NaN, NaN, {"__complex__": [NaN, NaN]}, 0], [0.007145622896181571, 0.0, {"__complex__": [15669.5625, 0.0]}, 37], [NaN, NaN, {"__complex__": [NaN, NaN]}, 0], [NaN, NaN, {"__complex__": [NaN, NaN]}, 0], [NaN, NaN, {"__complex__": [NaN, NaN]}, 0], [NaN, NaN, {"__complex__": [NaN, NaN]}, 0], [NaN, NaN, {"__complex__": [NaN, NaN]}, 0], [NaN, NaN, {"__complex__": [NaN, NaN]}, 0], [NaN, NaN, {"__complex__": [NaN, NaN]}, 0], [0.009934588335454464, 0.3162277638912201, {"__complex__": [21803.763671875, 0.0]}, 8], [0.009424777701497078, 0.3333333432674408, {"__complex__": [40039.34375, 0.0]}, 8], [0.007695299107581377, 0.40824830532073975, {"__complex__": [30637.4921875, 0.0]}, 16], [0.007024814840406179, 0.4472135901451111, {"__complex__": [16112.69140625, 0.0]}, 8], [NaN, NaN, {"__complex__": [NaN, NaN]}, 0], [NaN, NaN, {"__complex__": [NaN, NaN]}, 0], [NaN, NaN, {"__complex__": [NaN, NaN]}, 0], [0.005441398359835148, 0.5773502588272095, {"__complex__": [29345.185546875, 0.0]}, 8], [NaN, NaN, {"__complex__": [NaN, NaN]}, 0], [0.009424777701497078, 0.6666666865348816, {"__complex__": [41380.8671875, 0.0]}, 16], [0.006664324784651399, 0.7071067690849304, {"__complex__": [28852.48046875, 0.0]}, 16], [NaN, NaN, {"__complex__": [NaN, NaN]}, 0], [NaN, NaN, {"__complex__": [NaN, NaN]}, 0], [0.007695299107581377, 0.8164966106414795, {"__complex__": [27094.84765625, 0.0]}, 8], [NaN, NaN, {"__complex__": [NaN, NaN]}, 0], [0.007024814840406179, 0.8944271802902222, {"__complex__": [46026.421875, 0.0]}, 8], [0.009934588335454464, 0.9486832618713379, {"__complex__": [21439.5625, 0.0]}, 8], [0.006283185289551814, 1.0, {"__complex__": [8173.571614583333, 0.0]}, 6]], [[NaN, NaN, {"__complex__": [NaN, NaN]}, 0], [NaN, NaN, {"__complex__": [NaN, NaN]}, 0], [NaN, NaN, {"__complex__": [NaN, NaN]}, 0], [NaN, NaN, {"__complex__": [NaN, NaN]}, 0], [NaN, NaN, {"__complex__": [NaN, NaN]}, 0], [NaN, NaN, {"__complex__": [NaN, NaN]}, 0], [NaN, NaN, {"__complex__": [NaN, NaN]}, 0], [NaN, NaN, {"__complex__": [NaN, NaN]}, 0], [NaN, NaN, {"__complex__": [NaN, NaN]}, 0], [NaN, NaN, {"__complex__": [NaN, NaN]}, 0], [NaN, NaN, {"__complex__": [NaN, NaN]}, 0], [NaN, NaN, {"__complex__": [NaN, NaN]}, 0], [NaN, NaN, {"__complex__": [NaN, NaN]}, 0], [NaN, NaN, {"__complex__": [NaN, NaN]}, 0], [NaN, NaN, {"__complex__": [NaN, NaN]}, 0], [NaN, NaN, {"__complex__": [NaN, NaN]}, 0], [NaN, NaN, {"__complex__": [NaN, NaN]}, 0], [NaN, NaN, {"__complex__": [NaN, NaN]}, 0], [NaN, NaN, {"__complex__": [NaN, NaN]}, 0], [NaN, NaN, {"__complex__": [NaN, NaN]}, 0], [NaN, NaN, {"__complex__": [NaN, NaN]}, 0], [NaN, NaN, {"__complex__": [NaN, NaN]}, 0], [NaN, NaN, {"__complex__": [NaN, NaN]}, 0], [NaN, NaN, {"__complex__": [NaN, NaN]}, 0], [NaN, NaN, {"__complex__": [NaN, NaN]}, 0], [0.015946449752411117, 0.0, {"__complex__": [32959.198369565216, 0.0]}, 92], [NaN, NaN, {"__complex__": [NaN, NaN]}, 0], [NaN, NaN, {"__complex__": [NaN, NaN]}, 0], [NaN, NaN, {"__complex__": [NaN, NaN]}, 0], [0.018843435992797215, 0.16683020691076914, {"__complex__": [26781.065104166664, 0.0]}, 48], [0.016445705933230265, 0.19119956450802938, {"__complex__": [15546.71875, 0.0]}, 56], [0.013682912259052197, 0.22996528446674347, {"__complex__": [39830.40625, 0.0]}, 48], [0.011754763312637806, 0.26726123690605164, {"__complex__": [16895.09765625, 0.0]}, 16], [0.015888059884309767, 0.31362723708152773, {"__complex__": [34740.215625000004, 0.0]}, 40], [0.017514014383777976, 0.3592640906572342, {"__complex__": [34800.1640625, 0.0]}, 64], [0.015390598215162754, 0.40824830532073975, {"__complex__": [53134.59765625, 0.0]}, 16], [0.014394544530659914, 0.43662165105342865, {"__complex__": [27912.38671875, 0.0]}, 32], [0.016159597784280777, 0.48586776852607727, {"__complex__": [31293.994140625, 0.0]}, 32], [0.018425450846552848, 0.5115344524383545, {"__complex__": [38448.025, 0.0]}, 40], [0.013734537549316883, 0.5475834369659424, {"__complex__": [34908.175, 0.0]}, 40], [0.014990608021616936, 0.5862794518470764, {"__complex__": [41837.646875000006, 0.0]}, 40], [0.01473537553101778, 0.6396021246910095, {"__complex__": [72832.2265625, 0.0]}, 16], [0.018672528366247814, 0.673109253247579, {"__complex__": [31527.536458333332, 0.0]}, 24], [0.01576368339980642, 0.6972215374310812, {"__complex__": [34829.05989583333, 0.0]}, 48], [0.015596368660529455, 0.737723191579183, {"__complex__": 