{"power": {"dims": ["k"], "edges": [{"__dtype__": "<f8", "__shape__": [33], "__data__": [0.0, 0.0025132741228718345, 0.005026548245743669, 0.007539822368615503, 0.010053096491487338, 0.012566370614359171, 0.015079644737231007, 0.017592918860102842, 0.020106192982974676, 0.02261946710584651, 0.025132741228718343, 0.02764601535159018, 0.030159289474462014, 0.03267256359733385, 0.035185837720205684, 0.03769911184307752, 0.04021238596594935, 0.042725660088821185, 0.04523893421169302, 0.04775220833456485, 0.050265482457436686, 0.052778756580308527, 0.05529203070318036, 0.057805304826052194, 0.06031857894892403, 0.06283185307179587, 0.0653451271946677, 0.06785840131753954, 0.07037167544041137, 0.0728849495632832, 0.07539822368615504, 0.07791149780902687, 0.0804247719318987]}], "coords": [{"__dtype__": "<f8", "__shape__": [32], "__data__": [0.0012566370614359172, 0.0037699111843077517, 0.006283185307179586, 0.008796459430051421, 0.011309733552923255, 0.013823007675795088, 0.016336281798666925, 0.01884955592153876, 0.021362830044410593, 0.023876104167282426, 0.02638937829015426, 0.028902652413026097, 0.031415926535897934, 0.03392920065876977, 0.0364424747816416, 0.038955748904513435, 0.04146902302738527, 0.0439822971502571, 0.046495571273128936, 0.04900884539600077, 0.0515221195188726, 0.05403539364174444, 0.05654866776461628, 0.05906194188748811, 0.06157521601035995, 0.06408849013323178, 0.06660176425610362, 0.06911503837897545, 0.07162831250184729, 0.07414158662471912, 0.07665486074759095, 0.07916813487046279]}], "data": {"__dtype__": [["k", "<f8"], ["power", "<c16"], ["modes", "<i8"]], "__shape__": [32], "__data__": [[0.0021542349298085484, {"__complex__": [27738587.428571425, 0.0]}, 7], [0.004139842787900796, {"__complex__": [147712610.46153846, 0.0]}, 26], [0.006601380029072364, {"__complex__": [171663428.26666668, 0.0]}, 90], [0.008877845592240788, {"__complex__": [131996565.01492538, 0.0]}, 134], [0.01129674929238501, {"__complex__": [156758893.7142857, 0.0]}, 252], [0.013904711639042944, {"__complex__": [143712708.92307693, 0.0]}, 416], [0.016267358427020637, {"__complex__": [151084143.7090909, 0.0]}, 440], [0.018718151921426417, {"__complex__": [145594026.6666667, 0.0]}, 744], [0.021355408666802366, {"__complex__": [145320115.03624734, 0.0]}, 938], [0.02389172363799319, {"__complex__": [133266619.1827957, 0.0]}, 1116], [0.026371834931730707, {"__complex__": [120968584.70622286, 0.0]}, 1382], [0.028846188698575567, {"__complex__": [134105363.10447761, 0.0]}, 1608], [0.03137733124448338, {"__complex__": [124703306.30616301, 0.0]}, 2012], [0.0339195438755681, {"__complex__": [116965854.52136007, 0.0]}, 2294], [0.03640274321979544, {"__complex__": [115634354.64174454, 0.0]}, 2568], [0.038897421154819554, {"__complex__": [104504951.85836066, 0.0]}, 3050], [0.04143034609734521, {"__complex__": [103807267.88221437, 0.0]}, 3396], [0.0439586445456609, {"__complex__": [95658269.08495395, 0.0]}, 3908], [0.04647336332171176, {"__complex__": [89095345.87793428, 0.0]}, 4260], [0.04897756750437207, {"__complex__": [90143803.01893143, 0.0]}, 4754], [0.05149000561942143, {"__complex__": [78839306.63845862, 0.0]}, 5294], [0.054000998427978106, {"__complex__": [77091224.60340632, 0.0]}, 5754], [0.05650154312592257, {"__complex__": [66430169.680503145, 0.0]}, 6360], [0.05902303843634806, {"__complex__": [65826067.74878118, 0.0]}, 6974], [0.061532240489641524, {"__complex__": [61231247.680518076, 0.0]}, 7412], [0.06404802600125305, {"__complex__": [56857629.25714286, 0.0]}, 8330], [0.06659189363376895, {"__complex__": [52640883.22028526, 0.0]}, 8834], [0.06910737945329297, {"__complex__": [48626844.631931365, 0.0]}, 9558], [0.07159973660410411, {"__complex__": [45297947.84850927, 0.0]}, 9928], [0.07410527738419138, {"__complex__": [42099705.923395075, 0.0]}, 11122], [0.07660535111075549, {"__complex__": [39757726.74960575, 0.0]}, 11414], [0.07912406751574322, {"__complex__": [35927533.07290927, 0.0]}, 12687]]}, "attrs": {"Nmesh": {"__dtype__": "<i8", "__shape__": [3], "__data__": [64, 64, 64]}, "BoxSize": {"__dtype__": "<f8", "__shape__": [3], "__data__": [2500.0, 2500.0, 2500.0]}, "Lx": 2500.0, "Ly": 2500.0, "Lz": 2500.0, "volume": 15625000000.0, "mode": "1d", "los": [0, 0, 1], "Nmu": 1, "poles": [], "dk": 0.0025132741228718345, "kmin": 0.0, "kmax": null, "N1": 99, "N2": 99, "shotnoise": 157828282.82828283}}, "poles": null, "attrs": {"Nmesh": {"__dtype__": "<i8", "__shape__": [3], "__data__": [64, 64, 64]}, "BoxSize": {"__dtype__": "<f8", "__shape__": [3], "__data__": [2500.0, 2500.0, 2500.0]}, "Lx": 2500.0, "Ly": 2500.0, "Lz": 2500.0, "volume": 15625000000.0, "mode": "1d", "los": [0, 0, 1], "Nmu": 1, "poles": [], "dk": 0.0025132741228718345, "kmin": 0.0, "kmax": null, "N1": 99, "N2": 99, "shotnoise": 157828282.82828283}}